total_rebs,rebs_allowed,rebs_taken
61,1.318941504178273,1.4297872340425533
