total_rebs,rebs_allowed,rebs_taken
154,1.2060240963855422,1.5482573726541555
