total_rebs,rebs_allowed,rebs_taken
0,1.5034965034965035,1.3997395833333333
