total_rebs,rebs_allowed,rebs_taken
194,1.2445652173913044,1.7156105100463679
