total_rebs,rebs_allowed,rebs_taken
232,1.1932681867535289,1.7605820105820107
