total_rebs,rebs_allowed,rebs_taken
-36,1.4025069637883008,1.4052098408104197
