total_rebs,rebs_allowed,rebs_taken
-6,1.433103448275862,1.403532608695652
